,indicator_id,goal,target_id,target,indicator
0,1.1.1,1,1.1,"By 2030, eradicate extreme poverty for all people everywhere, currently measured as people living on less than $1.25 a day","Proportion of population below the international poverty line, by sex, age, employment status and geographical location (urban/rural)"
1,1.2.1,1,1.2,"By 2030, reduce at least by half the proportion of men, women and children of all ages living in poverty in all its dimensions according to national definitions","Proportion of population living below the national poverty line, by sex and age"
2,1.2.2,1,1.2,"By 2030, reduce at least by half the proportion of men, women and children of all ages living in poverty in all its dimensions according to national definitions","Proportion of men, women and children of all ages living in poverty in all its dimensions according to national definitions"
3,1.3.1,1,1.3,"Implement nationally appropriate social protection systems and measures for all, including floors, and by 2030 achieve substantial coverage of the poor and the vulnerable","Proportion of population covered by social protection floors/systems, by sex, distinguishing children, unemployed persons, older persons, persons with disabilities, pregnant women, newborns, work-injury victims and the poor and the vulnerable"
4,1.4.1,1,1.4,"By 2030, ensure that all men and women, in particular the poor and the vulnerable, have equal rights to economic resources, as well as access to basic services, ownership and control over land and other forms of property, inheritance, natural resources, appropriate new technology and financial services, including microfinance",Proportion of population living in households with access to basic services
5,1.4.2,1,1.4,"By 2030, ensure that all men and women, in particular the poor and the vulnerable, have equal rights to economic resources, as well as access to basic services, ownership and control over land and other forms of property, inheritance, natural resources, appropriate new technology and financial services, including microfinance","Proportion of total adult population with secure tenure rights to land, with legally recognized documentation and who perceive their rights to land as secure, by sex and by type of tenure"
6,1.5.1,1,1.5,"By 2030, build the resilience of the poor and those in vulnerable situations and reduce their exposure and vulnerability to climate-related extreme events and other economic, social and environmental shocks and disasters","Number of deaths, missing persons and directly affected persons attributed to disasters per 100,000 population"
7,1.5.2,1,1.5,"By 2030, build the resilience of the poor and those in vulnerable situations and reduce their exposure and vulnerability to climate-related extreme events and other economic, social and environmental shocks and disasters",Direct economic loss attributed to disasters in relation to global gross domestic product (GDP)
8,1.5.3,1,1.5,"By 2030, build the resilience of the poor and those in vulnerable situations and reduce their exposure and vulnerability to climate-related extreme events and other economic, social and environmental shocks and disasters",Number of countries that adopt and implement national disaster risk reduction strategies in line with the Sendai Framework for Disaster Risk Reduction 2015-2030
9,1.5.4,1,1.5,"By 2030, build the resilience of the poor and those in vulnerable situations and reduce their exposure and vulnerability to climate-related extreme events and other economic, social and environmental shocks and disasters",Proportion of local governments that adopt and implement local disaster risk reduction strategies in line with national disaster risk reduction strategies
10,1.a.1,1,1.a,"Ensure significant mobilization of resources from a variety of sources, including through enhanced development cooperation, in order to provide adequate and predictable means for developing countries, in particular least developed countries, to implement programmes and policies to end poverty in all its dimensions",Proportion of domestically generated resources allocated by the government directly to poverty reduction programmes
11,1.a.2,1,1.a,"Ensure significant mobilization of resources from a variety of sources, including through enhanced development cooperation, in order to provide adequate and predictable means for developing countries, in particular least developed countries, to implement programmes and policies to end poverty in all its dimensions","Proportion of total government spending on essential services (education, health and social protection)"
12,1.a.3,1,1.a,"Ensure significant mobilization of resources from a variety of sources, including through enhanced development cooperation, in order to provide adequate and predictable means for developing countries, in particular least developed countries, to implement programmes and policies to end poverty in all its dimensions",Sum of total grants and non-debt-creating inflows directly allocated to poverty reduction programmes as a proportion of GDP
13,1.b.1,1,1.b,"Create sound policy frameworks at the national, regional and international levels, based on pro-poor and gender-sensitive development strategies, to support accelerated investment in poverty eradication actions","Proportion of government recurrent and capital spending to sectors that disproportionately benefit women, the poor and vulnerable groups"
14,2.1.1,2,2.1,"By 2030, end hunger and ensure access by all people, in particular the poor and people in vulnerable situations, including infants, to safe, nutritious and sufficient food all year round",Prevalence of undernourishment
15,2.1.2,2,2.1,"By 2030, end hunger and ensure access by all people, in particular the poor and people in vulnerable situations, including infants, to safe, nutritious and sufficient food all year round","Prevalence of moderate or severe food insecurity in the population, based on the Food Insecurity Experience Scale (FIES)"
16,2.2.1,2,2.2,"By 2030, end all forms of malnutrition, including achieving, by 2025, the internationally agreed targets on stunting and wasting in children under 5 years of age, and address the nutritional needs of adolescent girls, pregnant and lactating women and older persons",Prevalence of stunting (height for age <-2 standard deviation from the median of the World Health Organization (WHO) Child Growth Standards) among children under 5 years of age
17,2.2.2,2,2.2,"By 2030, end all forms of malnutrition, including achieving, by 2025, the internationally agreed targets on stunting and wasting in children under 5 years of age, and address the nutritional needs of adolescent girls, pregnant and lactating women and older persons","Prevalence of malnutrition (weight for height >+2 or <-2 standard deviation from the median of the WHO Child Growth Standards) among children under 5 years of age, by type (wasting and overweight)"
18,2.3.1,2,2.3,"By 2030, double the agricultural productivity and incomes of small-scale food producers, in particular women, indigenous peoples, family farmers, pastoralists and fishers, including through secure and equal access to land, other productive resources and inputs, knowledge, financial services, markets and opportunities for value addition and non-farm employment",Volume of production per labour unit by classes of farming/pastoral/forestry enterprise size
19,2.3.2,2,2.3,"By 2030, double the agricultural productivity and incomes of small-scale food producers, in particular women, indigenous peoples, family farmers, pastoralists and fishers, including through secure and equal access to land, other productive resources and inputs, knowledge, financial services, markets and opportunities for value addition and non-farm employment","Average income of small-scale food producers, by sex and indigenous status"
20,2.4.1,2,2.4,"By 2030, ensure sustainable food production systems and implement resilient agricultural practices that increase productivity and production, that help maintain ecosystems, that strengthen capacity for adaptation to climate change, extreme weather, drought, flooding and other disasters and that progressively improve land and soil quality",Proportion of agricultural area under productive and sustainable agriculture
21,2.5.1,2,2.5,"By 2020, maintain the genetic diversity of seeds, cultivated plants and farmed and domesticated animals and their related wild species, including through soundly managed and diversified seed and plant banks at the national, regional and international levels, and promote access to and fair and equitable sharing of benefits arising from the utilization of genetic resources and associated traditional knowledge, as internationally agreed",Number of plant and animal genetic resources for food and agriculture secured in either medium or long-term conservation facilities
22,2.5.2,2,2.5,"By 2020, maintain the genetic diversity of seeds, cultivated plants and farmed and domesticated animals and their related wild species, including through soundly managed and diversified seed and plant banks at the national, regional and international levels, and promote access to and fair and equitable sharing of benefits arising from the utilization of genetic resources and associated traditional knowledge, as internationally agreed","Proportion of local breeds classified as being at risk, not-at-risk or at unknown level of risk of extinction"
23,2.a.1,2,2.a,"Increase investment, including through enhanced international cooperation, in rural infrastructure, agricultural research and extension services, technology development and plant and livestock gene banks in order to enhance agricultural productive capacity in developing countries, in particular least developed countries",The agriculture orientation index for government expenditures
24,2.a.2,2,2.a,"Increase investment, including through enhanced international cooperation, in rural infrastructure, agricultural research and extension services, technology development and plant and livestock gene banks in order to enhance agricultural productive capacity in developing countries, in particular least developed countries",Total official flows (official development assistance plus other official flows) to the agriculture sector
25,2.b.1,2,2.b,"Correct and prevent trade restrictions and distortions in world agricultural markets, including through the parallel elimination of all forms of agricultural export subsidies and all export measures with equivalent effect, in accordance with the mandate of the Doha Development Round",Agricultural export subsidies
26,2.c.1,2,2.c,"Adopt measures to ensure the proper functioning of food commodity markets and their derivatives and facilitate timely access to market information, including on food reserves, in order to help limit extreme food price volatility",Indicator of food price anomalies
27,3.1.1,3,3.1,"By 2030, reduce the global maternal mortality ratio to less than 70 per 100,000 live births",Maternal mortality ratio
28,3.1.2,3,3.1,"By 2030, reduce the global maternal mortality ratio to less than 70 per 100,000 live births",Proportion of births attended by skilled health personnel
29,3.2.1,3,3.2,"By 2030, end preventable deaths of newborns and children under 5 years of age, with all countries aiming to reduce neonatal mortality to at least as low as 12 per 1,000 live births and under-5 mortality to at least as low as 25 per 1,000 live births",Under-five mortality rate
30,3.2.2,3,3.2,"By 2030, end preventable deaths of newborns and children under 5 years of age, with all countries aiming to reduce neonatal mortality to at least as low as 12 per 1,000 live births and under-5 mortality to at least as low as 25 per 1,000 live births",Neonatal mortality rate
31,3.3.1,3,3.3,"By 2030, end the epidemics of AIDS, tuberculosis, malaria and neglected tropical diseases and combat hepatitis, water-borne diseases and other communicable diseases","Number of new HIV infections per 1,000 uninfected population, by sex, age and key populations"
32,3.3.2,3,3.3,"By 2030, end the epidemics of AIDS, tuberculosis, malaria and neglected tropical diseases and combat hepatitis, water-borne diseases and other communicable diseases","Tuberculosis incidence per 100,000 population"
33,3.3.3,3,3.3,"By 2030, end the epidemics of AIDS, tuberculosis, malaria and neglected tropical diseases and combat hepatitis, water-borne diseases and other communicable diseases","Malaria incidence per 1,000 population"
34,3.3.4,3,3.3,"By 2030, end the epidemics of AIDS, tuberculosis, malaria and neglected tropical diseases and combat hepatitis, water-borne diseases and other communicable diseases","Hepatitis B incidence per 100,000 population"
35,3.3.5,3,3.3,"By 2030, end the epidemics of AIDS, tuberculosis, malaria and neglected tropical diseases and combat hepatitis, water-borne diseases and other communicable diseases",Number of people requiring interventions against neglected tropical diseases
36,3.4.1,3,3.4," By 2030, reduce by one third premature mortality from non-communicable diseases through prevention and treatment and promote mental health and well-being","Mortality rate attributed to cardiovascular disease, cancer, diabetes or chronic respiratory disease"
37,3.4.2,3,3.4," By 2030, reduce by one third premature mortality from non-communicable diseases through prevention and treatment and promote mental health and well-being",Suicide mortality rate
38,3.5.1,3,3.5,"Strengthen the prevention and treatment of substance abuse, including narcotic drug abuse and harmful use of alcohol","Coverage of treatment interventions (pharmacological, psychosocial and rehabilitation and aftercare services) for substance use disorders"
39,3.5.2,3,3.5,"Strengthen the prevention and treatment of substance abuse, including narcotic drug abuse and harmful use of alcohol","Harmful use of alcohol, defined according to the national context as alcohol per capita consumption (aged 15 years and older) within a calendar year in litres of pure alcohol"
40,3.6.1,3,3.6,"By 2020, halve the number of global deaths and injuries from road traffic accidents",Death rate due to road traffic injuries
41,3.7.1,3,3.7,"By 2030, ensure universal access to sexual and reproductive health-care services, including for family planning, information and education, and the integration of reproductive health into national strategies and programmes",Proportion of women of reproductive age (aged 15-49 years) who have their need for family planning satisfied with modern methods
42,3.7.2,3,3.7,"By 2030, ensure universal access to sexual and reproductive health-care services, including for family planning, information and education, and the integration of reproductive health into national strategies and programmes","Adolescent birth rate (aged 10-14 years; aged 15-19 years) per 1,000 women in that age group"
43,3.8.1,3,3.8,"Achieve universal health coverage, including financial risk protection, access to quality essential health-care services and access to safe, effective, quality and affordable essential medicines and vaccines for all","Coverage of essential health services (defined as the average coverage of essential services based on tracer interventions that include reproductive, maternal, newborn and child health, infectious diseases, non-communicable diseases and service capacity and access, among the general and the most disadvantaged population)"
44,3.8.2,3,3.8,"Achieve universal health coverage, including financial risk protection, access to quality essential health-care services and access to safe, effective, quality and affordable essential medicines and vaccines for all",Proportion of population with large household expenditures on health as a share of total household expenditure or income
45,3.9.1,3,3.9,"By 2030, substantially reduce the number of deaths and illnesses from hazardous chemicals and air, water and soil pollution and contamination",Mortality rate attributed to household and ambient air pollution
46,3.9.2,3,3.9,"By 2030, substantially reduce the number of deaths and illnesses from hazardous chemicals and air, water and soil pollution and contamination","Mortality rate attributed to unsafe water, unsafe sanitation and lack of hygiene (exposure to unsafe Water, Sanitation and Hygiene for All (WASH) services)"
47,3.9.3,3,3.9,"By 2030, substantially reduce the number of deaths and illnesses from hazardous chemicals and air, water and soil pollution and contamination",Mortality rate attributed to unintentional poisoning
48,3.a.1,3,3.a,"Strengthen the implementation of the World Health Organization Framework Convention on Tobacco Control in all countries, as appropriate",Age-standardized prevalence of current tobacco use among persons aged 15 years and older
49,3.b.1,3,3.b,"Support the research and development of vaccines and medicines for the communicable and non‑communicable diseases that primarily affect developing countries, provide access to affordable essential medicines and vaccines, in accordance with the Doha Declaration on the TRIPS Agreement and Public Health, which affirms the right of developing countries to use to the full the provisions in the Agreement on Trade-Related Aspects of Intellectual Property Rights regarding flexibilities to protect public health, and, in particular, provide access to medicines for all",Proportion of the target population covered by all vaccines included in their national programme
50,3.b.2,3,3.b,"Support the research and development of vaccines and medicines for the communicable and non‑communicable diseases that primarily affect developing countries, provide access to affordable essential medicines and vaccines, in accordance with the Doha Declaration on the TRIPS Agreement and Public Health, which affirms the right of developing countries to use to the full the provisions in the Agreement on Trade-Related Aspects of Intellectual Property Rights regarding flexibilities to protect public health, and, in particular, provide access to medicines for all",Total net official development assistance to medical research and basic health sectors
51,3.b.3,3,3.b,"Support the research and development of vaccines and medicines for the communicable and non‑communicable diseases that primarily affect developing countries, provide access to affordable essential medicines and vaccines, in accordance with the Doha Declaration on the TRIPS Agreement and Public Health, which affirms the right of developing countries to use to the full the provisions in the Agreement on Trade-Related Aspects of Intellectual Property Rights regarding flexibilities to protect public health, and, in particular, provide access to medicines for all",Proportion of health facilities that have a core set of relevant essential medicines available and affordable on a sustainable basis
52,3.c.1,3,3.c,"Substantially increase health financing and the recruitment, development, training and retention of the health workforce in developing countries, especially in least developed countries and small island developing States",Health worker density and distribution
53,3.d.1,3,3.d,"Strengthen the capacity of all countries, in particular developing countries, for early warning, risk reduction and management of national and global health risks",International Health Regulations (IHR) capacity and health emergency preparedness
54,4.1.1,4,4.1,"By 2030, ensure that all girls and boys complete free, equitable and quality primary and secondary education leading to relevant and effective learning outcomes","Proportion of children and young people: (a) in grades 2/3; (b) at the end of primary; and (c) at the end of lower secondary achieving at least a minimum proficiency level in (i) reading and (ii) mathematics, by sex"
55,4.2.1,4,4.2,"By 2030, ensure that all girls and boys have access to quality early childhood development, care and pre-primary education so that they are ready for primary education","Proportion of children under 5 years of age who are developmentally on track in health, learning and psychosocial well-being, by sex"
56,4.2.2,4,4.2,"By 2030, ensure that all girls and boys have access to quality early childhood development, care and pre-primary education so that they are ready for primary education","Participation rate in organized learning (one year before the official primary entry age), by sex"
57,4.3.1,4,4.3,"By 2030, ensure equal access for all women and men to affordable and quality technical, vocational and tertiary education, including university","Participation rate of youth and adults in formal and non-formal education and training in the previous 12 months, by sex"
58,4.4.1,4,4.4,"By 2030, substantially increase the number of youth and adults who have relevant skills, including technical and vocational skills, for employment, decent jobs and entrepreneurship","Proportion of youth and adults with information and communications technology (ICT) skills, by type of skill"
59,4.5.1,4,4.5,"By 2030, eliminate gender disparities in education and ensure equal access to all levels of education and vocational training for the vulnerable, including persons with disabilities, indigenous peoples and children in vulnerable situations","Parity indices (female/male, rural/urban, bottom/top wealth quintile and others such as disability status, indigenous peoples and conflict-affected, as data become available) for all education indicators on this list that can be disaggregated"
60,4.6.1,4,4.6,"By 2030, ensure that all youth and a substantial proportion of adults, both men and women, achieve literacy and numeracy","Proportion of population in a given age group achieving at least a fixed level of proficiency in functional (a) literacy and (b) numeracy skills, by sex"
61,4.7.1,4,4.7,"By 2030, ensure that all learners acquire the knowledge and skills needed to promote sustainable development, including, among others, through education for sustainable development and sustainable lifestyles, human rights, gender equality, promotion of a culture of peace and non-violence, global citizenship and appreciation of cultural diversity and of culture’s contribution to sustainable development","Extent to which (i) global citizenship education and (ii) education for sustainable development, including gender equality and human rights, are mainstreamed at all levels in: (a) national education policies; (b) curricula; (c) teacher education; and (d) student assessment"
62,4.a.1,4,4.a,"Build and upgrade education facilities that are child, disability and gender sensitive and provide safe, non-violent, inclusive and effective learning environments for all",Proportion of schools with access to: (a) electricity; (b) the Internet for pedagogical purposes; (c) computers for pedagogical purposes; (d) adapted infrastructure and materials for students with disabilities; (e) basic drinking water; (f) single-sex basic sanitation facilities; and (g) basic handwashing facilities (as per the WASH indicator definitions)
63,4.b.1,4,4.b,"By 2020, substantially expand globally the number of scholarships available to developing countries, in particular least developed countries, small island developing States and African countries, for enrolment in higher education, including vocational training and information and communications technology, technical, engineering and scientific programmes, in developed countries and other developing countries",Volume of official development assistance flows for scholarships by sector and type of study
64,4.c.1,4,4.c,"By 2030, substantially increase the supply of qualified teachers, including through international cooperation for teacher training in developing countries, especially least developed countries and small island developing States",Proportion of teachers in: (a) pre-primary; (b) primary; (c) lower secondary; and (d) upper secondary education who have received at least the minimum organized teacher training (e.g. pedagogical training) pre-service or in-service required for teaching at the relevant level in a given country
65,5.1.1,5,5.1,End all forms of discrimination against all women and girls everywhere,"Whether or not legal frameworks are in place to promote, enforce and monitor equality and non‑discrimination on the basis of sex"
66,5.2.1,5,5.2,"Eliminate all forms of violence against all women and girls in the public and private spheres, including trafficking and sexual and other types of exploitation","Proportion of ever-partnered women and girls aged 15 years and older subjected to physical, sexual or psychological violence by a current or former intimate partner in the previous 12 months, by form of violence and by age"
67,5.2.2,5,5.2,"Eliminate all forms of violence against all women and girls in the public and private spheres, including trafficking and sexual and other types of exploitation","Proportion of women and girls aged 15 years and older subjected to sexual violence by persons other than an intimate partner in the previous 12 months, by age and place of occurrence"
68,5.3.1,5,5.3,"Eliminate all harmful practices, such as child, early and forced marriage and female genital mutilation",Proportion of women aged 20-24 years who were married or in a union before age 15 and before age 18
69,5.3.2,5,5.3,"Eliminate all harmful practices, such as child, early and forced marriage and female genital mutilation","Proportion of girls and women aged 15-49 years who have undergone female genital mutilation/cutting, by age"
70,5.4.1,5,5.4,"Recognize and value unpaid care and domestic work through the provision of public services, infrastructure and social protection policies and the promotion of shared responsibility within the household and the family as nationally appropriate","Proportion of time spent on unpaid domestic and care work, by sex, age and location"
71,5.5.1,5,5.5,"Ensure women’s full and effective participation and equal opportunities for leadership at all levels of decision-making in political, economic and public life",Proportion of seats held by women in (a) national parliaments and (b) local governments
72,5.5.2,5,5.5,"Ensure women’s full and effective participation and equal opportunities for leadership at all levels of decision-making in political, economic and public life",Proportion of women in managerial positions
73,5.6.1,5,5.6,Ensure universal access to sexual and reproductive health and reproductive rights as agreed in accordance with the Programme of Action of the International Conference on Population and Development and the Beijing Platform for Action and the outcome documents of their review conferences,"Proportion of women aged 15-49 years who make their own informed decisions regarding sexual relations, contraceptive use and reproductive health care"
74,5.6.2,5,5.6,Ensure universal access to sexual and reproductive health and reproductive rights as agreed in accordance with the Programme of Action of the International Conference on Population and Development and the Beijing Platform for Action and the outcome documents of their review conferences,"Number of countries with laws and regulations that guarantee full and equal access to women and men aged 15 years and older to sexual and reproductive health care, information and education"
75,5.a.1,5,5.a,"Undertake reforms to give women equal rights to economic resources, as well as access to ownership and control over land and other forms of property, financial services, inheritance and natural resources, in accordance with national laws","(a) Proportion of total agricultural population with ownership or secure rights over agricultural land, by sex; and (b) share of women among owners or rights-bearers of agricultural land, by type of tenure"
76,5.a.2,5,5.a,"Undertake reforms to give women equal rights to economic resources, as well as access to ownership and control over land and other forms of property, financial services, inheritance and natural resources, in accordance with national laws",Proportion of countries where the legal framework (including customary law) guarantees women’s equal rights to land ownership and/or control
77,5.b.1,5,5.b,"Enhance the use of enabling technology, in particular information and communications technology, to promote the empowerment of women","Proportion of individuals who own a mobile telephone, by sex"
78,5.c.1,5,5.c,Adopt and strengthen sound policies and enforceable legislation for the promotion of gender equality and the empowerment of all women and girls at all levels,Proportion of countries with systems to track and make public allocations for gender equality and women’s empowerment
79,6.1.1,6,6.1,"By 2030, achieve universal and equitable access to safe and affordable drinking water for all",Proportion of population using safely managed drinking water services
80,6.2.1,6,6.2,"By 2030, achieve access to adequate and equitable sanitation and hygiene for all and end open defecation, paying special attention to the needs of women and girls and those in vulnerable situations","Proportion of population using safely managed sanitation services, including a hand-washing facility with soap and water"
81,6.3.1,6,6.3,"By 2030, improve water quality by reducing pollution, eliminating dumping and minimizing release of hazardous chemicals and materials, halving the proportion of untreated wastewater and substantially increasing recycling and safe reuse globally",Proportion of wastewater safely treated
82,6.3.2,6,6.3,"By 2030, improve water quality by reducing pollution, eliminating dumping and minimizing release of hazardous chemicals and materials, halving the proportion of untreated wastewater and substantially increasing recycling and safe reuse globally",Proportion of bodies of water with good ambient water quality
83,6.4.1,6,6.4,"By 2030, substantially increase water-use efficiency across all sectors and ensure sustainable withdrawals and supply of freshwater to address water scarcity and substantially reduce the number of people suffering from water scarcity",Change in water-use efficiency over time
84,6.4.2,6,6.4,"By 2030, substantially increase water-use efficiency across all sectors and ensure sustainable withdrawals and supply of freshwater to address water scarcity and substantially reduce the number of people suffering from water scarcity",Level of water stress: freshwater withdrawal as a proportion of available freshwater resources
85,6.5.1,6,6.5,"By 2030, implement integrated water resources management at all levels, including through transboundary cooperation as appropriate",Degree of integrated water resources management implementation (0-100)
86,6.5.2,6,6.5,"By 2030, implement integrated water resources management at all levels, including through transboundary cooperation as appropriate",Proportion of transboundary basin area with an operational arrangement for water cooperation
87,6.6.1,6,6.6,"By 2020, protect and restore water-related ecosystems, including mountains, forests, wetlands, rivers, aquifers and lakes",Change in the extent of water-related ecosystems over time
88,6.a.1,6,6.a,"By 2030, expand international cooperation and capacity-building support to developing countries in water- and sanitation-related activities and programmes, including water harvesting, desalination, water efficiency, wastewater treatment, recycling and reuse technologies",Amount of water- and sanitation-related official development assistance that is part of a government-coordinated spending plan
89,6.b.1,6,6.b,Support and strengthen the participation of local communities in improving water and sanitation management,Proportion of local administrative units with established and operational policies and procedures for participation of local communities in water and sanitation management
90,7.1.1,7,7.1,"By 2030, ensure universal access to affordable, reliable and modern energy services",Proportion of population with access to electricity
91,7.1.2,7,7.1,"By 2030, ensure universal access to affordable, reliable and modern energy services",Proportion of population with primary reliance on clean fuels and technology
92,7.2.1,7,7.2,"By 2030, increase substantially the share of renewable energy in the global energy mix",Renewable energy share in the total final energy consumption
93,7.3.1,7,7.3,"By 2030, double the global rate of improvement in energy efficiency",Energy intensity measured in terms of primary energy and GDP
94,7.a.1,7,7.a,"By 2030, enhance international cooperation to facilitate access to clean energy research and technology, including renewable energy, energy efficiency and advanced and cleaner fossil-fuel technology, and promote investment in energy infrastructure and clean energy technology","International financial flows to developing countries in support of clean energy research and development and renewable energy production, including in hybrid systems"
95,7.b.1,7,7.b,"By 2030, expand infrastructure and upgrade technology for supplying modern and sustainable energy services for all in developing countries, in particular least developed countries, small island developing States and landlocked developing countries, in accordance with their respective programmes of support",Investments in energy efficiency as a proportion of GDP and the amount of foreign direct investment in financial transfer for infrastructure and technology to sustainable development services
96,8.1.1,8,8.1,"Sustain per capita economic growth in accordance with national circumstances and, in particular, at least 7 per cent gross domestic product growth per annum in the least developed countries",Annual growth rate of real GDP per capita
97,8.2.1,8,8.2,"Achieve higher levels of economic productivity through diversification, technological upgrading and innovation, including through a focus on high-value added and labour-intensive sectors",Annual growth rate of real GDP per employed person
98,8.3.1,8,8.3,"Promote development-oriented policies that support productive activities, decent job creation, entrepreneurship, creativity and innovation, and encourage the formalization and growth of micro-, small- and medium-sized enterprises, including through access to financial services","Proportion of informal employment in non‑agriculture employment, by sex"
99,8.4.1,8,8.4,"Improve progressively, through 2030, global resource efficiency in consumption and production and endeavour to decouple economic growth from environmental degradation, in accordance with the 10‑Year Framework of Programmes on Sustainable Consumption and Production, with developed countries taking the lead","Material footprint, material footprint per capita, and material footprint per GDP"
100,8.4.2,8,8.4,"Improve progressively, through 2030, global resource efficiency in consumption and production and endeavour to decouple economic growth from environmental degradation, in accordance with the 10‑Year Framework of Programmes on Sustainable Consumption and Production, with developed countries taking the lead","Domestic material consumption, domestic material consumption per capita, and domestic material consumption per GDP"
101,8.5.1,8,8.5,"By 2030, achieve full and productive employment and decent work for all women and men, including for young people and persons with disabilities, and equal pay for work of equal value","Average hourly earnings of female and male employees, by occupation, age and persons with disabilities"
102,8.5.2,8,8.5,"By 2030, achieve full and productive employment and decent work for all women and men, including for young people and persons with disabilities, and equal pay for work of equal value","Unemployment rate, by sex, age and persons with disabilities"
103,8.6.1,8,8.6,"By 2020, substantially reduce the proportion of youth not in employment, education or training","Proportion of youth (aged 15-24 years) not in education, employment or training"
104,8.7.1,8,8.7,"Take immediate and effective measures to eradicate forced labour, end modern slavery and human trafficking and secure the prohibition and elimination of the worst forms of child labour, including recruitment and use of child soldiers, and by 2025 end child labour in all its forms","Proportion and number of children aged 5‑17 years engaged in child labour, by sex and age"
105,8.8.1,8,8.8," Protect labour rights and promote safe and secure working environments for all workers, including migrant workers, in particular women migrants, and those in precarious employment","Frequency rates of fatal and non-fatal occupational injuries, by sex and migrant status"
106,8.8.2,8,8.8," Protect labour rights and promote safe and secure working environments for all workers, including migrant workers, in particular women migrants, and those in precarious employment","Level of national compliance of labour rights (freedom of association and collective bargaining) based on International Labour Organization (ILO) textual sources and national legislation, by sex and migrant status"
107,8.9.1,8,8.9,"By 2030, devise and implement policies to promote sustainable tourism that creates jobs and promotes local culture and products",Tourism direct GDP as a proportion of total GDP and in growth rate
108,8.9.2,8,8.9,"By 2030, devise and implement policies to promote sustainable tourism that creates jobs and promotes local culture and products",Proportion of jobs in sustainable tourism industries out of total tourism jobs
109,8.10.1,8,8.10,"Strengthen the capacity of domestic financial institutions to encourage and expand access to banking, insurance and financial services for all","(a) Number of commercial bank branches per 100,000 adults and (b) number of automated teller machines (ATMs) per 100,000 adults"
110,8.10.2,8,8.10,"Strengthen the capacity of domestic financial institutions to encourage and expand access to banking, insurance and financial services for all",Proportion of adults (15 years and older) with an account at a bank or other financial institution or with a mobile-money-service provider
111,8.a.1,8,8.a,"Increase Aid for Trade support for developing countries, in particular least developed countries, including through the Enhanced Integrated Framework for Trade-related Technical Assistance to Least Developed Countries",Aid for Trade commitments and disbursements
112,8.b.1,8,8.b,"By 2020, develop and operationalize a global strategy for youth employment and implement the Global Jobs Pact of the International Labour Organization","Existence of a developed and operationalized national strategy for youth employment, as a distinct strategy or as part of a national employment strategy"
113,9.1.1,9,9.1,"Develop quality, reliable, sustainable and resilient infrastructure, including regional and trans-border infrastructure, to support economic development and human well-being, with a focus on affordable and equitable access for all",Proportion of the rural population who live within 2 km of an all-season road
114,9.1.2,9,9.1,"Develop quality, reliable, sustainable and resilient infrastructure, including regional and trans-border infrastructure, to support economic development and human well-being, with a focus on affordable and equitable access for all","Passenger and freight volumes, by mode of transport"
115,9.2.1,9,9.2,"Promote inclusive and sustainable industrialization and, by 2030, significantly raise industry’s share of employment and gross domestic product, in line with national circumstances, and double its share in least developed countries",Manufacturing value added as a proportion of GDP and per capita
116,9.2.2,9,9.2,"Promote inclusive and sustainable industrialization and, by 2030, significantly raise industry’s share of employment and gross domestic product, in line with national circumstances, and double its share in least developed countries",Manufacturing employment as a proportion of total employment
117,9.3.1,9,9.3,"Increase the access of small-scale industrial and other enterprises, in particular in developing countries, to financial services, including affordable credit, and their integration into value chains and markets",Proportion of small-scale industries in total industry value added
118,9.3.2,9,9.3,"Increase the access of small-scale industrial and other enterprises, in particular in developing countries, to financial services, including affordable credit, and their integration into value chains and markets",Proportion of small-scale industries with a loan or line of credit
119,9.4.1,9,9.4,"By 2030, upgrade infrastructure and retrofit industries to make them sustainable, with increased resource-use efficiency and greater adoption of clean and environmentally sound technologies and industrial processes, with all countries taking action in accordance with their respective capabilities",CO2 emission per unit of value added
120,9.5.1,9,9.5,"Enhance scientific research, upgrade the technological capabilities of industrial sectors in all countries, in particular developing countries, including, by 2030, encouraging innovation and substantially increasing the number of research and development workers per 1 million people and public and private research and development spending",Research and development expenditure as a proportion of GDP
121,9.5.2,9,9.5,"Enhance scientific research, upgrade the technological capabilities of industrial sectors in all countries, in particular developing countries, including, by 2030, encouraging innovation and substantially increasing the number of research and development workers per 1 million people and public and private research and development spending",Researchers (in full-time equivalent) per million inhabitants
122,9.a.1,9,9.a,"Facilitate sustainable and resilient infrastructure development in developing countries through enhanced financial, technological and technical support to African countries, least developed countries, landlocked developing countries and small island developing States",Total official international support (official development assistance plus other official flows) to infrastructure
123,9.b.1,9,9.b,"Support domestic technology development, research and innovation in developing countries, including by ensuring a conducive policy environment for, inter alia, industrial diversification and value addition to commodities",Proportion of medium and high-tech industry value added in total value added
124,9.c.1,9,9.c,Significantly increase access to information and communications technology and strive to provide universal and affordable access to the Internet in least developed countries by 2020,"Proportion of population covered by a mobile network, by technology"
125,10.1.1,10,10.1,"By 2030, progressively achieve and sustain income growth of the bottom 40 per cent of the population at a rate higher than the national average",Growth rates of household expenditure or income per capita among the bottom 40 per cent of the population and the total population
126,10.2.1,10,10.2,"By 2030, empower and promote the social, economic and political inclusion of all, irrespective of age, sex, disability, race, ethnicity, origin, religion or economic or other status","Proportion of people living below 50 per cent of median income, by sex, age and persons with disabilities"
127,10.3.1,10,10.3,"Ensure equal opportunity and reduce inequalities of outcome, including by eliminating discriminatory laws, policies and practices and promoting appropriate legislation, policies and action in this regard",Proportion of population reporting having personally felt discriminated against or harassed in the previous 12 months on the basis of a ground of discrimination prohibited under international human rights law
128,10.4.1,10,10.4,"Adopt policies, especially fiscal, wage and social protection policies, and progressively achieve greater equality","Labour share of GDP, comprising wages and social protection transfers"
129,10.5.1,10,10.5,Improve the regulation and monitoring of global financial markets and institutions and strengthen the implementation of such regulations,Financial Soundness Indicators
130,10.6.1,10,10.6,"Ensure enhanced representation and voice for developing countries in decision-making in global international economic and financial institutions in order to deliver more effective, credible, accountable and legitimate institutions",Proportion of members and voting rights of developing countries in international organizations
131,10.7.1,10,10.7,"Facilitate orderly, safe, regular and responsible migration and mobility of people, including through the implementation of planned and well-managed migration policies",Recruitment cost borne by employee as a proportion of yearly income earned in country of destination
132,10.7.2,10,10.7,"Facilitate orderly, safe, regular and responsible migration and mobility of people, including through the implementation of planned and well-managed migration policies",Number of countries that have implemented well-managed migration policies
133,10.a.1,10,10.a,"Implement the principle of special and differential treatment for developing countries, in particular least developed countries, in accordance with World Trade Organization agreements",Proportion of tariff lines applied to imports from least developed countries and developing countries with zero-tariff
134,10.b.1,10,10.b,"Encourage official development assistance and financial flows, including foreign direct investment, to States where the need is greatest, in particular least developed countries, African countries, small island developing States and landlocked developing countries, in accordance with their national plans and programmes","Total resource flows for development, by recipient and donor countries and type of flow (e.g. official development assistance, foreign direct investment and other flows)"
135,10.c.1,10,10.c,"By 2030, reduce to less than 3 per cent the transaction costs of migrant remittances and eliminate remittance corridors with costs higher than 5 per cent",Remittance costs as a proportion of the amount remitted
136,11.1.1,11,11.1,"By 2030, ensure access for all to adequate, safe and affordable housing and basic services and upgrade slums","Proportion of urban population living in slums, informal settlements or inadequate housing"
137,11.2.1,11,11.2,"By 2030, provide access to safe, affordable, accessible and sustainable transport systems for all, improving road safety, notably by expanding public transport, with special attention to the needs of those in vulnerable situations, women, children, persons with disabilities and older persons","Proportion of population that has convenient access to public transport, by sex, age and persons with disabilities"
138,11.3.1,11,11.3,"By 2030, enhance inclusive and sustainable urbanization and capacity for participatory, integrated and sustainable human settlement planning and management in all countries",Ratio of land consumption rate to population growth rate
139,11.3.2,11,11.3,"By 2030, enhance inclusive and sustainable urbanization and capacity for participatory, integrated and sustainable human settlement planning and management in all countries",Proportion of cities with a direct participation structure of civil society in urban planning and management that operate regularly and democratically
140,11.4.1,11,11.4,Strengthen efforts to protect and safeguard the world’s cultural and natural heritage,"Total expenditure (public and private) per capita spent on the preservation, protection and conservation of all cultural and natural heritage, by type of heritage (cultural, natural, mixed and World Heritage Centre designation), level of government (national, regional and local/municipal), type of expenditure (operating expenditure/investment) and type of private funding (donations in kind, private non-profit sector and sponsorship)"
141,11.5.1,11,11.5,"By 2030, significantly reduce the number of deaths and the number of people affected and substantially decrease the direct economic losses relative to global gross domestic product caused by disasters, including water-related disasters, with a focus on protecting the poor and people in vulnerable situations","Number of deaths, missing persons and directly affected persons attributed to disasters per 100,000 population"
142,11.5.2,11,11.5,"By 2030, significantly reduce the number of deaths and the number of people affected and substantially decrease the direct economic losses relative to global gross domestic product caused by disasters, including water-related disasters, with a focus on protecting the poor and people in vulnerable situations","Direct economic loss in relation to global GDP, damage to critical infrastructure and number of disruptions to basic services, attributed to disasters"
143,11.6.1,11,11.6,"By 2030, reduce the adverse per capita environmental impact of cities, including by paying special attention to air quality and municipal and other waste management","Proportion of urban solid waste regularly collected and with adequate final discharge out of total urban solid waste generated, by cities"
144,11.6.2,11,11.6,"By 2030, reduce the adverse per capita environmental impact of cities, including by paying special attention to air quality and municipal and other waste management",Annual mean levels of fine particulate matter (e.g. PM2.5 and PM10) in cities (population weighted)
145,11.7.1,11,11.7,"By 2030, provide universal access to safe, inclusive and accessible, green and public spaces, in particular for women and children, older persons and persons with disabilities","Average share of the built-up area of cities that is open space for public use for all, by sex, age and persons with disabilities"
146,11.7.2,11,11.7,"By 2030, provide universal access to safe, inclusive and accessible, green and public spaces, in particular for women and children, older persons and persons with disabilities","Proportion of persons victim of physical or sexual harassment, by sex, age, disability status and place of occurrence, in the previous 12 months"
147,11.a.1,11,11.a,"Support positive economic, social and environmental links between urban, peri-urban and rural areas by strengthening national and regional development planning","Proportion of population living in cities that implement urban and regional development plans integrating population projections and resource needs, by size of city"
148,11.b.1,11,11.b,"By 2020, substantially increase the number of cities and human settlements adopting and implementing integrated policies and plans towards inclusion, resource efficiency, mitigation and adaptation to climate change, resilience to disasters, and develop and implement, in line with the Sendai Framework for Disaster Risk Reduction 2015-2030, holistic disaster risk management at all levels",Number of countries that adopt and implement national disaster risk reduction strategies in line with the Sendai Framework for Disaster Risk Reduction 2015-2030
149,11.b.2,11,11.b,"By 2020, substantially increase the number of cities and human settlements adopting and implementing integrated policies and plans towards inclusion, resource efficiency, mitigation and adaptation to climate change, resilience to disasters, and develop and implement, in line with the Sendai Framework for Disaster Risk Reduction 2015-2030, holistic disaster risk management at all levels",Proportion of local governments that adopt and implement local disaster risk reduction strategies in line with national disaster risk reduction strategies
150,11.c.1,11,11.c,"Support least developed countries, including through financial and technical assistance, in building sustainable and resilient buildings utilizing local materials","Proportion of financial support to the least developed countries that is allocated to the construction and retrofitting of sustainable, resilient and resource-efficient buildings utilizing local materials"
151,12.1.1,12,12.1,"Implement the 10-Year Framework of Programmes on Sustainable Consumption and Production Patterns, all countries taking action, with developed countries taking the lead, taking into account the development and capabilities of developing countries",Number of countries with sustainable consumption and production (SCP) national action plans or SCP mainstreamed as a priority or a target into national policies
152,12.2.1,12,12.2,"By 2030, achieve the sustainable management and efficient use of natural resources","Material footprint, material footprint per capita, and material footprint per GDP"
153,12.2.2,12,12.2,"By 2030, achieve the sustainable management and efficient use of natural resources","Domestic material consumption, domestic material consumption per capita, and domestic material consumption per GDP"
154,12.3.1,12,12.3,"By 2030, halve per capita global food waste at the retail and consumer levels and reduce food losses along production and supply chains, including post-harvest losses",Global food loss index
155,12.4.1,12,12.4,"By 2020, achieve the environmentally sound management of chemicals and all wastes throughout their life cycle, in accordance with agreed international frameworks, and significantly reduce their release to air, water and soil in order to minimize their adverse impacts on human health and the environment","Number of parties to international multilateral environmental agreements on hazardous waste, and other chemicals that meet their commitments and obligations in transmitting information as required by each relevant agreement"
156,12.4.2,12,12.4,"By 2020, achieve the environmentally sound management of chemicals and all wastes throughout their life cycle, in accordance with agreed international frameworks, and significantly reduce their release to air, water and soil in order to minimize their adverse impacts on human health and the environment","Hazardous waste generated per capita and proportion of hazardous waste treated, by type of treatment"
157,12.5.1,12,12.5,"By 2030, substantially reduce waste generation through prevention, reduction, recycling and reuse","National recycling rate, tons of material recycled"
158,12.6.1,12,12.6,"Encourage companies, especially large and transnational companies, to adopt sustainable practices and to integrate sustainability information into their reporting cycle",Number of companies publishing sustainability reports
159,12.7.1,12,12.7,"Promote public procurement practices that are sustainable, in accordance with national policies and priorities",Number of countries implementing sustainable public procurement policies and action plans
160,12.8.1,12,12.8,"By 2030, ensure that people everywhere have the relevant information and awareness for sustainable development and lifestyles in harmony with nature",Extent to which (i) global citizenship education and (ii) education for sustainable development (including climate change education) are mainstreamed in (a) national education policies; (b) curricula; (c) teacher education; and (d) student assessment
161,12.a.1,12,12.a,Support developing countries to strengthen their scientific and technological capacity to move towards more sustainable patterns of consumption and production,Amount of support to developing countries on research and development for sustainable consumption and production and environmentally sound technologies
162,12.b.1,12,12.b,Develop and implement tools to monitor sustainable development impacts for sustainable tourism that creates jobs and promotes local culture and products,Number of sustainable tourism strategies or policies and implemented action plans with agreed monitoring and evaluation tools
163,12.c.1,12,12.c,"Rationalize inefficient fossil-fuel subsidies that encourage wasteful consumption by removing market distortions, in accordance with national circumstances, including by restructuring taxation and phasing out those harmful subsidies, where they exist, to reflect their environmental impacts, taking fully into account the specific needs and conditions of developing countries and minimizing the possible adverse impacts on their development in a manner that protects the poor and the affected communities",Amount of fossil-fuel subsidies per unit of GDP (production and consumption) and as a proportion of total national expenditure on fossil fuels
164,13.1.1,13,13.1,Strengthen resilience and adaptive capacity to climate-related hazards and natural disasters in all countries,"Number of deaths, missing persons and directly affected persons attributed to disasters per 100,000 population"
165,13.1.2,13,13.1,Strengthen resilience and adaptive capacity to climate-related hazards and natural disasters in all countries,Number of countries that adopt and implement national disaster risk reduction strategies in line with the Sendai Framework for Disaster Risk Reduction 2015-2030
166,13.1.3,13,13.1,Strengthen resilience and adaptive capacity to climate-related hazards and natural disasters in all countries,Proportion of local governments that adopt and implement local disaster risk reduction strategies in line with national disaster risk reduction strategies
167,13.2.1,13,13.2,"Integrate climate change measures into national policies, strategies and planning","Number of countries that have communicated the establishment or operationalization of an integrated policy/strategy/plan which increases their ability to adapt to the adverse impacts of climate change, and foster climate resilience and low greenhouse gas emissions development in a manner that does not threaten food production (including a national adaptation plan, nationally determined contribution, national communication, biennial update report or other)"
168,13.3.1,13,13.3,"Improve education, awareness-raising and human and institutional capacity on climate change mitigation, adaptation, impact reduction and early warning","Number of countries that have integrated mitigation, adaptation, impact reduction and early warning into primary, secondary and tertiary curricula"
169,13.3.2,13,13.3,"Improve education, awareness-raising and human and institutional capacity on climate change mitigation, adaptation, impact reduction and early warning","Number of countries that have communicated the strengthening of institutional, systemic and individual capacity-building to implement adaptation, mitigation and technology transfer, and development actions"
170,13.a.1,13,13.a,Implement the commitment undertaken by developed-country parties to the United Nations Framework Convention on Climate Change to a goal of mobilizing jointly $100 billion annually by 2020 from all sources to address the needs of developing countries in the context of meaningful mitigation actions and transparency on implementation and fully operationalize the Green Climate Fund through its capitalization as soon as possible,Mobilized amount of United States dollars per year between 2020 and 2025 accountable towards the $100 billion commitment
171,13.b.1,13,13.b,"Promote mechanisms for raising capacity for effective climate change-related planning and management in least developed countries and small island developing States, including focusing on women, youth and local and marginalized communities","Number of least developed countries and small island developing States that are receiving specialized support, and amount of support, including finance, technology and capacity-building, for mechanisms for raising capacities for effective climate change-related planning and management, including focusing on women, youth and local and marginalized communities"
172,14.1.1,14,14.1,"By 2025, prevent and significantly reduce marine pollution of all kinds, in particular from land-based activities, including marine debris and nutrient pollution",Index of coastal eutrophication and floating plastic debris density
173,14.2.1,14,14.2,"By 2020, sustainably manage and protect marine and coastal ecosystems to avoid significant adverse impacts, including by strengthening their resilience, and take action for their restoration in order to achieve healthy and productive oceans",Proportion of national exclusive economic zones managed using ecosystem-based approaches
174,14.3.1,14,14.3,"Minimize and address the impacts of ocean acidification, including through enhanced scientific cooperation at all levels",Average marine acidity (pH) measured at agreed suite of representative sampling stations
175,14.4.1,14,14.4,"By 2020, effectively regulate harvesting and end overfishing, illegal, unreported and unregulated fishing and destructive fishing practices and implement science-based management plans, in order to restore fish stocks in the shortest time feasible, at least to levels that can produce maximum sustainable yield as determined by their biological characteristics",Proportion of fish stocks within biologically sustainable levels
176,14.5.1,14,14.5,"By 2020, conserve at least 10 per cent of coastal and marine areas, consistent with national and international law and based on the best available scientific information",Coverage of protected areas in relation to marine areas
177,14.6.1,14,14.6,"By 2020, prohibit certain forms of fisheries subsidies which contribute to overcapacity and overfishing, eliminate subsidies that contribute to illegal, unreported and unregulated fishing and refrain from introducing new such subsidies, recognizing that appropriate and effective special and differential treatment for developing and least developed countries should be an integral part of the World Trade Organization fisheries subsidies negotiationb","Progress by countries in the degree of implementation of international instruments aiming to combat illegal, unreported and unregulated fishing"
178,14.7.1,14,14.7,"By 2030, increase the economic benefits to small island developing States and least developed countries from the sustainable use of marine resources, including through sustainable management of fisheries, aquaculture and tourism","Sustainable fisheries as a proportion of GDP in small island developing States, least developed countries and all countries"
179,14.a.1,14,14.a,"Increase scientific knowledge, develop research capacity and transfer marine technology, taking into account the Intergovernmental Oceanographic Commission Criteria and Guidelines on the Transfer of Marine Technology, in order to improve ocean health and to enhance the contribution of marine biodiversity to the development of developing countries, in particular small island developing States and least developed countries",Proportion of total research budget allocated to research in the field of marine technology
180,14.b.1,14,14.b,Provide access for small-scale artisanal fishers to marine resources and markets,Progress by countries in the degree of application of a legal/regulatory/policy/institutional framework which recognizes and protects access rights for small-scale fisheries
181,14.c.1,14,14.c,"Enhance the conservation and sustainable use of oceans and their resources by implementing international law as reflected in the United Nations Convention on the Law of the Sea, which provides the legal framework for the conservation and sustainable use of oceans and their resources, as recalled in paragraph 158 of “The future we want”","Number of countries making progress in ratifying, accepting and implementing through legal, policy and institutional frameworks, ocean-related instruments that implement international law, as reflected in the United Nation Convention on the Law of the Sea, for the conservation and sustainable use of the oceans and their resources"
182,15.1.1,15,15.1,"By 2020, ensure the conservation, restoration and sustainable use of terrestrial and inland freshwater ecosystems and their services, in particular forests, wetlands, mountains and drylands, in line with obligations under international agreements",Forest area as a proportion of total land area
183,15.1.2,15,15.1,"By 2020, ensure the conservation, restoration and sustainable use of terrestrial and inland freshwater ecosystems and their services, in particular forests, wetlands, mountains and drylands, in line with obligations under international agreements","Proportion of important sites for terrestrial and freshwater biodiversity that are covered by protected areas, by ecosystem type"
184,15.2.1,15,15.2,"By 2020, promote the implementation of sustainable management of all types of forests, halt deforestation, restore degraded forests and substantially increase afforestation and reforestation globally",Progress towards sustainable forest management
185,15.3.1,15,15.3,"By 2030, combat desertification, restore degraded land and soil, including land affected by desertification, drought and floods, and strive to achieve a land degradation-neutral world",Proportion of land that is degraded over total land area
186,15.4.1,15,15.4,"By 2030, ensure the conservation of mountain ecosystems, including their biodiversity, in order to enhance their capacity to provide benefits that are essential for sustainable development",Coverage by protected areas of important sites for mountain biodiversity
187,15.4.2,15,15.4,"By 2030, ensure the conservation of mountain ecosystems, including their biodiversity, in order to enhance their capacity to provide benefits that are essential for sustainable development",Mountain Green Cover Index
188,15.5.1,15,15.5,"Take urgent and significant action to reduce the degradation of natural habitats, halt the loss of biodiversity and, by 2020, protect and prevent the extinction of threatened species",Red List Index
189,15.6.1,15,15.6,"Promote fair and equitable sharing of the benefits arising from the utilization of genetic resources and promote appropriate access to such resources, as internationally agreed","Number of countries that have adopted legislative, administrative and policy frameworks to ensure fair and equitable sharing of benefits"
190,15.7.1,15,15.7,Take urgent action to end poaching and trafficking of protected species of flora and fauna and address both demand and supply of illegal wildlife products,Proportion of traded wildlife that was poached or illicitly trafficked
191,15.8.1,15,15.8,"By 2020, introduce measures to prevent the introduction and significantly reduce the impact of invasive alien species on land and water ecosystems and control or eradicate the priority species",Proportion of countries adopting relevant national legislation and adequately resourcing the prevention or control of invasive alien species
192,15.9.1,15,15.9,"By 2020, integrate ecosystem and biodiversity values into national and local planning, development processes, poverty reduction strategies and accounts",Progress towards national targets established in accordance with Aichi Biodiversity Target 2 of the Strategic Plan for Biodiversity 2011-2020
193,15.a.1,15,15.a,Mobilize and significantly increase financial resources from all sources to conserve and sustainably use biodiversity and ecosystems,Official development assistance and public expenditure on conservation and sustainable use of biodiversity and ecosystems
194,15.b.1,15,15.b,"Mobilize significant resources from all sources and at all levels to finance sustainable forest management and provide adequate incentives to developing countries to advance such management, including for conservation and reforestation",Official development assistance and public expenditure on conservation and sustainable use of biodiversity and ecosystems
195,15.c.1,15,15.c,"Enhance global support for efforts to combat poaching and trafficking of protected species, including by increasing the capacity of local communities to pursue sustainable livelihood opportunities",Proportion of traded wildlife that was poached or illicitly trafficked
196,16.1.1,16,16.1,Significantly reduce all forms of violence and related death rates everywhere,"Number of victims of intentional homicide per 100,000 population, by sex and age"
197,16.1.2,16,16.1,Significantly reduce all forms of violence and related death rates everywhere,"Conflict-related deaths per 100,000 population, by sex, age and cause"
198,16.1.3,16,16.1,Significantly reduce all forms of violence and related death rates everywhere,"Proportion of population subjected to physical, psychological or sexual violence in the previous 12 months"
199,16.1.4,16,16.1,Significantly reduce all forms of violence and related death rates everywhere,Proportion of population that feel safe walking alone around the area they live
200,16.2.1,16,16.2,"End abuse, exploitation, trafficking and all forms of violence against and torture of children",Proportion of children aged 1-17 years who experienced any physical punishment and/or psychological aggression by caregivers in the past month
201,16.2.2,16,16.2,"End abuse, exploitation, trafficking and all forms of violence against and torture of children","Number of victims of human trafficking per 100,000 population, by sex, age and form of exploitation"
202,16.2.3,16,16.2,"End abuse, exploitation, trafficking and all forms of violence against and torture of children",Proportion of young women and men aged 18‑29 years who experienced sexual violence by age 18
203,16.3.1,16,16.3,Promote the rule of law at the national and international levels and ensure equal access to justice for all,Proportion of victims of violence in the previous 12 months who reported their victimization to competent authorities or other officially recognized conflict resolution mechanisms
204,16.3.2,16,16.3,Promote the rule of law at the national and international levels and ensure equal access to justice for all,Unsentenced detainees as a proportion of overall prison population
205,16.4.1,16,16.4,"By 2030, significantly reduce illicit financial and arms flows, strengthen the recovery and return of stolen assets and combat all forms of organized crime",Total value of inward and outward illicit financial flows (in current United States dollars)
206,16.4.2,16,16.4,"By 2030, significantly reduce illicit financial and arms flows, strengthen the recovery and return of stolen assets and combat all forms of organized crime","Proportion of seized, found or surrendered arms whose illicit origin or context has been traced or established by a competent authority in line with international instruments"
207,16.5.1,16,16.5,Substantially reduce corruption and bribery in all their forms,"Proportion of persons who had at least one contact with a public official and who paid a bribe to a public official, or were asked for a bribe by those public officials, during the previous 12 months"
208,16.5.2,16,16.5,Substantially reduce corruption and bribery in all their forms,"Proportion of businesses that had at least one contact with a public official and that paid a bribe to a public official, or were asked for a bribe by those public officials during the previous 12 months"
209,16.6.1,16,16.6,"Develop effective, accountable and transparent institutions at all levels","Primary government expenditures as a proportion of original approved budget, by sector (or by budget codes or similar)"
210,16.6.2,16,16.6,"Develop effective, accountable and transparent institutions at all levels",Proportion of population satisfied with their last experience of public services
211,16.7.1,16,16.7,"Ensure responsive, inclusive, participatory and representative decision-making at all levels","Proportions of positions (by sex, age, persons with disabilities and population groups) in public institutions (national and local legislatures, public service, and judiciary) compared to national distributions"
212,16.7.2,16,16.7,"Ensure responsive, inclusive, participatory and representative decision-making at all levels","Proportion of population who believe decision-making is inclusive and responsive, by sex, age, disability and population group"
213,16.8.1,16,16.8,Broaden and strengthen the participation of developing countries in the institutions of global governance,Proportion of members and voting rights of developing countries in international organizations
214,16.9.1,16,16.9,"By 2030, provide legal identity for all, including birth registration","Proportion of children under 5 years of age whose births have been registered with a civil authority, by age"
215,16.10.1,16,16.10,"Ensure public access to information and protect fundamental freedoms, in accordance with national legislation and international agreements","Number of verified cases of killing, kidnapping, enforced disappearance, arbitrary detention and torture of journalists, associated media personnel, trade unionists and human rights advocates in the previous 12 months"
216,16.10.2,16,16.10,"Ensure public access to information and protect fundamental freedoms, in accordance with national legislation and international agreements","Number of countries that adopt and implement constitutional, statutory and/or policy guarantees for public access to information"
217,16.a.1,16,16.a,"Strengthen relevant national institutions, including through international cooperation, for building capacity at all levels, in particular in developing countries, to prevent violence and combat terrorism and crime",Existence of independent national human rights institutions in compliance with the Paris Principles
218,16.b.1,16,16.b,Promote and enforce non-discriminatory laws and policies for sustainable development,Proportion of population reporting having personally felt discriminated against or harassed in the previous 12 months on the basis of a ground of discrimination prohibited under international human rights law
219,17.1.1,17,17.1,"Strengthen domestic resource mobilization, including through international support to developing countries, to improve domestic capacity for tax and other revenue collection","Total government revenue as a proportion of GDP, by source"
220,17.1.2,17,17.1,"Strengthen domestic resource mobilization, including through international support to developing countries, to improve domestic capacity for tax and other revenue collection",Proportion of domestic budget funded by domestic taxes
221,17.2.1,17,17.2,"Developed countries to implement fully their official development assistance commitments, including the commitment by many developed countries to achieve the target of 0.7 per cent of gross national income for official development assistance (ODA/GNI) to developing countries and 0.15 to 0.20 per cent of ODA/GNI to least developed countries; ODA providers are encouraged to consider setting a target to provide at least 0.20 per cent of ODA/GNI to least developed countries","Net official development assistance, total and to least developed countries, as a proportion of the Organization for Economic Cooperation and Development (OECD) Development Assistance Committee donors’ gross national income (GNI)"
222,17.3.1,17,17.3,Mobilize additional financial resources for developing countries from multiple sources,"Foreign direct investments (FDI), official development assistance and South-South Cooperation as a proportion of total domestic budget"
223,17.3.2,17,17.3,Mobilize additional financial resources for developing countries from multiple sources,Volume of remittances (in United States dollars) as a proportion of total GDP
224,17.4.1,17,17.4,"Assist developing countries in attaining long-term debt sustainability through coordinated policies aimed at fostering debt financing, debt relief and debt restructuring, as appropriate, and address the external debt of highly indebted poor countries to reduce debt distress",Debt service as a proportion of exports of goods and services
225,17.5.1,17,17.5,Adopt and implement investment promotion regimes for least developed countries,Number of countries that adopt and implement investment promotion regimes for least developed countries
226,17.6.1,17,17.6,"Enhance North-South, South-South and triangular regional and international cooperation on and access to science, technology and innovation and enhance knowledge-sharing on mutually agreed terms, including through improved coordination among existing mechanisms, in particular at the United Nations level, and through a global technology facilitation mechanism","Number of science and/or technology cooperation agreements and programmes between countries, by type of cooperation"
227,17.6.2,17,17.6,"Enhance North-South, South-South and triangular regional and international cooperation on and access to science, technology and innovation and enhance knowledge-sharing on mutually agreed terms, including through improved coordination among existing mechanisms, in particular at the United Nations level, and through a global technology facilitation mechanism","Fixed Internet broadband subscriptions per 100 inhabitants, by speed"
228,17.7.1,17,17.7,"Promote the development, transfer, dissemination and diffusion of environmentally sound technologies to developing countries on favourable terms, including on concessional and preferential terms, as mutually agreed","Total amount of approved funding for developing countries to promote the development, transfer, dissemination and diffusion of environmentally sound technologies"
229,17.8.1,17,17.8,"Fully operationalize the technology bank and science, technology and innovation capacity-building mechanism for least developed countries by 2017 and enhance the use of enabling technology, in particular information and communications technology",Proportion of individuals using the Internet
230,17.9.1,17,17.9,"Enhance international support for implementing effective and targeted capacity-building in developing countries to support national plans to implement all the Sustainable Development Goals, including through North-South, South-South and triangular cooperation","Dollar value of financial and technical assistance (including through North-South, South-South and triangular cooperation) committed to developing countries"
231,17.10.1,17,17.10,"Promote a universal, rules-based, open, non‑discriminatory and equitable multilateral trading system under the World Trade Organization, including through the conclusion of negotiations under its Doha Development Agenda",Worldwide weighted tariff-average
232,17.11.1,17,17.11,"Significantly increase the exports of developing countries, in particular with a view to doubling the least developed countries’ share of global exports by 2020",Developing countries’ and least developed countries’ share of global exports
233,17.12.1,17,17.12,"Realize timely implementation of duty-free and quota-free market access on a lasting basis for all least developed countries, consistent with World Trade Organization decisions, including by ensuring that preferential rules of origin applicable to imports from least developed countries are transparent and simple, and contribute to facilitating market access","Average tariffs faced by developing countries, least developed countries and small island developing States"
234,17.13.1,17,17.13,"Enhance global macroeconomic stability, including through policy coordination and policy coherence",Macroeconomic Dashboard
235,17.14.1,17,17.14,Enhance policy coherence for sustainable development,Number of countries with mechanisms in place to enhance policy coherence of sustainable development
236,17.15.1,17,17.15,Respect each country’s policy space and leadership to establish and implement policies for poverty eradication and sustainable development,Extent of use of country-owned results frameworks and planning tools by providers of development cooperation
237,17.16.1,17,17.16,"Enhance the Global Partnership for Sustainable Development, complemented by multi-stakeholder partnerships that mobilize and share knowledge, expertise, technology and financial resources, to support the achievement of the Sustainable Development Goals in all countries, in particular developing countries",Number of countries reporting progress in multi-stakeholder development effectiveness monitoring frameworks that support the achievement of the sustainable development goals
238,17.17.1,17,17.17,"Encourage and promote effective public, public-private and civil society partnerships, building on the experience and resourcing strategies of partnerships",Amount of United States dollars committed to public-private and civil society partnerships
239,17.18.1,17,17.18,"By 2020, enhance capacity-building support to developing countries, including for least developed countries and small island developing States, to increase significantly the availability of high-quality, timely and reliable data disaggregated by income, gender, age, race, ethnicity, migratory status, disability, geographic location and other characteristics relevant in national contexts","Proportion of sustainable development indicators produced at the national level with full disaggregation when relevant to the target, in accordance with the Fundamental Principles of Official Statistics"
240,17.18.2,17,17.18,"By 2020, enhance capacity-building support to developing countries, including for least developed countries and small island developing States, to increase significantly the availability of high-quality, timely and reliable data disaggregated by income, gender, age, race, ethnicity, migratory status, disability, geographic location and other characteristics relevant in national contexts",Number of countries that have national statistical legislation that complies with the Fundamental Principles of Official Statistics
241,17.18.3,17,17.18,"By 2020, enhance capacity-building support to developing countries, including for least developed countries and small island developing States, to increase significantly the availability of high-quality, timely and reliable data disaggregated by income, gender, age, race, ethnicity, migratory status, disability, geographic location and other characteristics relevant in national contexts","Number of countries with a national statistical plan that is fully funded and under implementation, by source of funding"
242,17.19.1,17,17.19,"By 2030, build on existing initiatives to develop measurements of progress on sustainable development that complement gross domestic product, and support statistical capacity-building in developing countries",Dollar value of all resources made available to strengthen statistical capacity in developing countries
243,17.19.2,17,17.19,"By 2030, build on existing initiatives to develop measurements of progress on sustainable development that complement gross domestic product, and support statistical capacity-building in developing countries",Proportion of countries that (a) have conducted at least one population and housing census in the last 10 years; and (b) have achieved 100 per cent birth registration and 80 per cent death registration
